Date,Time,Open,High,Low,Close,Volume,MA_200,EMA_12-26,EMA_50-200,%K,%D,RSI
2005.09.01,00:00,434.8,475.0,434.3,468.8,24669,398.34421689630994,12.417809700430269,11.89853367626381,92.86536248561566,75.57942198028,70.19082001031461
2005.10.01,00:00,467.3,480.0,459.5,465.2,24110,399.0094485689835,14.105316251274644,13.388488255646223,82.73045507584595,81.79099211194496,65.64073866815892
2005.11.01,00:00,465.6,502.2,454.8,498.5,21141,399.99940430461555,17.92310267998431,15.775084017087522,96.02577873254566,90.54053209800243,69.82800982800983
2005.12.01,00:00,491.5,540.5,489.3,514.6,27651,401.13970873939553,21.994324495298315,18.510289844201566,80.18362662586075,86.31328681141747,70.66411849020545
2006.01.01,00:00,516.8,572.2,516.3,568.7,34300,402.80697531910306,29.24905013982874,22.68812135925498,97.84482758620689,91.35141098153777,74.54394693200663
2006.02.01,00:00,569.2,574.7,534.6,562.0,24038,404.39098551493294,34.06515655489011,26.45724462701895,92.29836264402665,90.10893895203144,76.64109121909632
2006.03.01,00:00,562.1,589.1,533.7,583.5,19029,406.17316476354057,39.165352104526335,30.661409294413204,96.87674288901282,95.6733110397488,83.45771144278606
2006.04.01,00:00,572.2,655.5,572.2,653.7,20719,408.636118347983,48.31490300974525,36.70298221750204,99.25681255161027,96.14397269488325,86.63316582914572
2006.05.01,00:00,654.1,729.7,635.6,642.7,45716,410.9651121952668,54.05526451087405,42.11363148529722,72.50316055625791,89.54557199896033,85.54416142904398
2006.06.01,00:00,643.1,645.2,542.5,615.2,46392,412.99730013362233,55.74295213129278,46.43913987319405,63.81163084702908,78.52386798496575,77.99752781211372
2006.07.01,00:00,617.0,676.0,602.1,635.7,21447,415.21324739597435,58.06529482955477,51.13548908116297,70.20602218700476,68.84027119676392,83.4811869073111
2006.08.01,00:00,635.2,655.5,607.0,624.6,21618,417.2966976706413,58.33761124751436,55.2579707093534,66.30330234049374,66.7736517915092,79.675304402123
2006.09.01,00:00,626.0,640.2,570.2,597.7,49090,419.09175540526184,55.7402795379669,58.370573038262535,56.16074393889073,64.22335615546308,74.61988304093566
2006.10.01,00:00,598.2,610.6,559.2,606.1,65291,420.9525339584433,53.74020165113666,61.5544090559232,58.15842924847664,60.20749184262038,74.84787018255577
2006.11.01,00:00,606.0,648.2,605.1,647.2,63698,423.20375252602105,54.83939758993199,65.76174174268408,69.98908694070572,61.43608670935769,75.34090909090908
2006.12.01,00:00,646.1,649.6,611.1,636.2,45617,425.3231181725283,54.19814771189476,69.41627828171778,65.98763186613314,64.7117160184385,73.78964941569282
2007.01.01,00:00,638.2,654.2,601.5,652.7,58508,427.5855747081251,54.39434056856771,73.34835521850357,67.97004991680534,67.98225624121473,72.50437828371278
2007.02.01,00:00,652.5,688.1,642.7,669.1,62597,429.9887033179945,55.23643650392614,77.5399744546487,71.60262417994376,68.52010198762741,72.52843394575677
2007.03.01,00:00,673.2,677.0,632.5,663.2,88918,432.3092137327409,54.796067946113794,81.32422177430851,66.07142857142857,68.54803422272589,66.0332541567696
2007.04.01,00:00,664.5,693.3,655.9,677.7,80641,434.75091309858425,54.98328838718817,85.31650532975738,73.46938775510205,70.38114683549146,69.12396694214877
2007.05.01,00:00,677.9,690.4,651.5,660.5,71873,436.9971726697426,53.1313011158112,88.57740582023274,63.03418803418802,67.52500145357287,62.91079812206573
2007.06.01,00:00,661.2,673.6,639.8,649.1,65472,439.107648563576,50.16542731497964,91.31106410326305,56.94444444444444,64.48267341124483,49.03926482873852
2007.07.01,00:00,650.1,687.5,645.0,663.5,78615,441.3404082793613,48.418769182533424,94.29717840054286,80.23872679045095,66.73911975636115,54.283360790774296
2007.08.01,00:00,663.4,676.4,641.6,672.8,103222,443.64348879399455,47.24040433024618,97.3730160553252,84.71290082028337,73.96535735172625,62.8227960819234
2007.09.01,00:00,672.5,745.4,671.0,742.9,110761,446.6211655224125,51.37085461030324,102.31233913673782,98.65735767991407,87.86966176354946,69.54777534646243
2007.10.01,00:00,743.7,797.0,720.3,796.1,164762,450.098566860498,58.26541417889155,108.52774153750926,99.62153069806561,94.33059639942103,77.11033828643693
2007.11.01,00:00,797.9,845.4,772.5,782.7,239943,453.408033856911,61.93419544568985,114.00547813333134,78.09224318658283,92.12371052152083,80.54821664464994
2007.12.01,00:00,784.6,841.8,776.8,831.8,141980,457.1731280473895,68.01960304280317,120.60848151186298,94.42394423944238,90.71257270803028,82.85298398835516
2008.01.01,00:00,841.0,936.7,839.5,924.5,260348,461.82314667378364,79.40709215116465,129.5552625105962,96.36038186157516,89.6255230958668,85.09238167552519
2008.02.01,00:00,923.9,975.8,883.9,973.5,202905,466.91445864717883,91.33282188391343,139.4491109613429,99.3855196366551,96.72328191255754,88.94019856845995
2008.03.01,00:00,976.1,1032.2,904.4,915.8,185622,471.3809814467094,95.03266344793121,147.11735013794868,70.8781586189642,88.87468670573149,77.73561037318153
2008.04.01,00:00,915.4,952.4,862.2,876.7,154085,475.4140065069412,93.72931808130204,153.20988070184796,61.0958218663998,77.11983337400638,70.88531187122737
2008.05.01,00:00,875.3,934.9,844.9,886.3,140259,479.5024243526433,92.40585013785983,159.22640845580122,62.81855249745156,64.93084432760519,72.27880966646694
2008.06.01,00:00,886.8,934.9,857.1,924.6,139272,483.93125595112446,93.37115758800769,166.00821086483205,72.579001019368,65.49779179440645,73.53670162059103
2008.07.01,00:00,925.4,988.0,893.6,913.3,179987,488.2035817625561,92.16196932145124,172.0637490998335,69.6992864424057,68.36561331974174,74.3733127651369
2008.08.01,00:00,913.7,916.7,772.6,830.7,186901,491.61150632213264,83.57514695510133,175.33945862408484,48.41269841269842,63.563661958157375,65.3950491692099
2008.09.01,00:00,833.8,923.9,735.9,870.9,229748,495.385521184599,79.10199385377189,179.56344513627658,58.704557091653854,58.938847315585996,66.8453541260559
2008.10.01,00:00,872.4,931.1,681.4,723.7,270498,497.65730704345873,62.95348935724576,179.2034645197354,14.590254706533786,40.56917007029535,53.37757133377573
2008.11.01,00:00,728.2,830.5,699.7,816.0,233346,500.8248960281009,56.94707142569678,181.49231586594834,38.36944127708096,37.221417691756194,54.711873146835124
2008.12.01,00:00,815.1,887.8,741.1,866.8,263175,504.46643935120443,55.64464060837827,185.08539168425472,52.85062713797034,35.27010770719503,54.571317729212474
2009.01.01,00:00,874.2,929.2,801.9,926.5,324199,508.6657782631328,58.75248380724997,190.1781378297594,69.86887115165335,53.69631318890155,58.772571986334796
2009.02.01,00:00,923.7,1005.9,888.9,941.6,197925,512.9735814644946,61.72241812195284,195.3901810561273,74.1733181299886,65.63093880653743,56.98828920570266
2009.03.01,00:00,947.5,966.7,883.0,917.4,539006,516.9977249325096,61.415416025244895,199.56353709710754,67.27480045610032,70.43899657924743,49.504950495049506
2009.04.01,00:00,916.9,932.6,864.54,886.2,706235,520.6713794107932,57.98610764719433,202.54238214707436,58.380843785632855,66.60965412390726,43.75804375804376
2009.05.01,00:00,885.9,980.02,880.03,978.57,477783,525.2275845907853,62.00706424391046,208.00014710206779,91.57781201849001,72.41115208674107,54.276060329441265
2009.06.01,00:00,976.74,989.63,912.88,926.35,588342,529.2188524058024,60.285055147389926,211.5823015736056,75.4853620955316,75.14800596655148,53.32289282415773
2009.07.01,00:00,927.49,958.68,904.78,953.5,513166,533.4405553669387,60.41470551168413,215.70172982896315,83.85208012326657,83.63841807909607,54.394224733207786
2009.08.01,00:00,952.97,971.46,930.08,950.65,722334,537.5918931244817,59.600446332579395,219.4526553970711,82.97380585516179,80.77041602465331,51.78622855497195
2009.09.01,00:00,952.34,1023.87,946.23,1007.3,848394,542.2656056307057,62.80237493775269,224.5928821645116,95.16161999591203,87.32916865811346,56.06811785059519
2009.10.01,00:00,1009.4,1070.58,986.55,1044.96,1092991,547.267539903037,67.59952840405367,230.49688954726992,93.41692789968656,90.51745125025344,64.68338815789474
2009.11.01,00:00,1044.12,1194.95,1042.84,1179.32,966371,553.5566191079819,81.30579361663649,239.95508761878364,96.95647940804204,95.17834243454688,68.72025832766825
2009.12.01,00:00,1179.66,1226.37,1074.48,1097.51,824780,558.9690905596437,84.59160489582086,246.46411786411136,75.53306624641617,88.63549118471492,74.64562153038754
2010.01.01,00:00,1094.61,1161.63,1074.01,1080.67,1249328,564.160144384921,84.858589745372,252.06666370849086,69.97547756918831,80.82167440788217,69.3781025318124
2010.02.01,00:00,1082.66,1130.75,1044.46,1117.3,1430065,569.6640235452701,87.02276773581366,258.3695763876158,74.30442669682192,73.27099017080879,68.72925202619854
2010.03.01,00:00,1117.83,1144.62,1085.05,1112.89,1152749,575.0692571418347,87.3748414578314,264.1351820093694,68.63720531741431,70.9723698611415,65.1919471839596
2010.04.01,00:00,1112.98,1181.41,1111.45,1178.72,1170076,581.0757321951497,91.90635401544819,271.44304267561495,86.83083215874862,76.59082139099495,67.85058267337169
2010.05.01,00:00,1177.78,1249.12,1157.62,1216.0,1365005,587.3933866011681,97.38322164303463,279.37955396093923,91.38800769670813,82.28534839095703,72.04470956501198
2010.06.01,00:00,1216.65,1265.02,1196.8,1242.13,965654,593.9081787742908,102.64887893937134,287.58464647165556,94.0543910231435,90.75774362620007,76.47540130022765
2010.07.01,00:00,1242.53,1243.73,1157.0,1180.55,593820,599.745410826288,100.6922414485881,293.47514676295464,76.55174328225627,87.33138066736929,65.7452447770502
2010.08.01,00:00,1181.13,1249.7,1174.53,1247.2,512122,606.1877450469219,103.32858254328971,300.9143593035269,95.0532978014657,88.55314403562181,74.46136956223413
2010.09.01,00:00,1247.4,1315.59,1236.5,1307.94,751565,613.1703545489426,109.06191436912945,309.6508829642338,98.01561567793317,89.87355225388505,75.70566563198051
2010.10.01,00:00,1307.35,1387.03,1306.72,1359.0,1288990,620.5915450509432,116.38413258744686,319.3347419715203,93.64110707803994,95.5700068524796,77.67986659978581
2010.11.01,00:00,1361.2,1424.3,1325.55,1386.4,678468,628.211529677302,122.98035332729728,329.2235304031042,91.34209023415194,94.332937663375,76.75823710437902
2010.12.01,00:00,1383.2,1430.88,1361.19,1408.13,794075,635.9719124665826,128.48029432487488,339.1374589832195,94.13720235027317,93.04013322082169,76.22355404722364
2011.01.01,00:00,1415.71,1423.77,1307.88,1332.4,1406394,642.901545178358,125.28406240759364,346.2192234694911,74.51477666787434,86.66468975076647,62.075983717774776
2011.02.01,00:00,1332.31,1417.94,1324.82,1411.12,1453907,650.5455099029515,127.631811618754,355.12424820968795,94.88639304383825,87.84612402066192,74.86087549347582
2011.03.01,00:00,1410.87,1447.4,1380.88,1431.9,1390531,658.3201814462058,129.6743865093356,364.06448811299686,96.15327344021442,88.51814771730899,77.67028534513999
2011.04.01,00:00,1432.48,1569.0,1412.74,1563.3,283910,667.3249557601739,140.27897496766195,376.27207969866777,98.82219237524536,96.620619619766,80.57139723623601
2011.05.01,00:00,1547.25,1575.13,1462.35,1535.6,529667,675.9645084391772,144.77910581144852,386.9267609232394,91.47472394754999,95.48339658766992,78.07846106837775
2011.06.01,00:00,1535.05,1557.86,1490.96,1500.0,733119,684.1638665641605,143.81505897041006,395.86892164678886,82.03190395331593,90.77627342537043,72.23391003460208
2011.07.01,00:00,1500.75,1632.35,1478.05,1626.27,1366911,693.5380569466066,151.49365407819596,407.9157983933252,98.720942463448,90.7425234547713,75.27880811839948
2011.08.01,00:00,1610.2,1911.63,1607.88,1824.56,1487869,704.79200662873,171.60122968596897,425.01895242336127,88.46189523342564,89.73824721672985,79.60555075484164
2011.09.01,00:00,1824.75,1920.61,1531.94,1623.68,1423540,713.935170741877,169.37484328538108,435.2432016807205,60.20131889341628,82.46138553009663,69.73062024132865
2011.10.01,00:00,1623.68,1752.22,1595.65,1713.95,1154026,723.8855670529031,172.90135145260842,447.4407123335143,69.79140781453277,72.81820731379156,70.35418683551812
2011.11.01,00:00,1710.93,1802.79,1666.33,1746.03,1139951,734.0561584255111,176.25298774940916,459.8075217692822,71.56168043134764,67.18480237976556,69.59415337549535
2011.12.01,00:00,1747.83,1763.03,1522.64,1564.11,1122121,742.3154006302324,162.35819581386113,466.06774308633373,41.81776638976382,61.05695154521474,58.212481081384084
2012.01.01,00:00,1567.37,1747.52,1566.07,1738.18,1185675,752.2245011214738,163.50765289211995,476.93498990032504,70.22669038565111,61.20204573558751,62.60462649773548
2012.02.01,00:00,1738.07,1790.56,1685.96,1696.35,1112904,761.6187846924045,159.20802350452072,485.861902759912,63.39986617270248,58.4814409827058,60.18056713339079
2012.03.01,00:00,1716.46,1724.1,1628.08,1666.95,1332475,770.6270554914851,151.67973240592255,493.30340892348556,57.42459591466794,63.683717491007165,62.21689879565589
2012.04.01,00:00,1671.34,1683.46,1612.39,1664.42,2632107,779.5205176258982,143.85113131834987,500.1154187727992,52.533674244529685,57.78604544396669,59.794898764133585
2012.05.01,00:00,1664.55,1671.45,1526.96,1560.9,3215700,787.2954378485261,127.82027711790533,503.3704618286537,29.17281981609469,46.3770299917641,54.6883177298366
2012.06.01,00:00,1559.49,1640.63,1544.92,1596.56,2708513,795.3478215515258,116.64852209342166,507.313925197137,29.286867717016552,36.99778725921363,51.29919845002423
2012.07.01,00:00,1597.61,1629.38,1554.94,1613.98,2250860,803.4934153669336,107.95602431533962,511.37689033276195,30.71447939262475,29.724722308578652,53.08645864507695
2012.08.01,00:00,1614.74,1692.78,1583.83,1690.8,2145511,812.3223366070637,106.04348589302094,517.290310045585,48.072577729573396,36.02464161307156,57.27710990419234
2012.09.01,00:00,1689.15,1787.39,1685.35,1771.68,2800629,821.8681840040084,109.78855139242341,525.0804372897129,62.57758122471545,47.12154611563786,55.744842244996335
2012.10.01,00:00,1769.47,1795.87,1698.5,1720.32,3195541,830.8080030686451,107.37447391882233,530.7826330763028,49.67208583561573,53.440748263301515,45.34077093613674
2012.11.01,00:00,1719.89,1754.28,1672.63,1714.13,3185235,839.5972766699522,103.76567277661275,535.8184325673508,68.35266821345711,60.20077842459609,54.89474538665513
2012.12.01,00:00,1714.96,1723.27,1635.44,1674.87,2566939,847.9084480463706,96.6238978329825,539.2505667110382,54.338747099767936,57.45450038294692,47.76158727976722
2013.01.01,00:00,1673.25,1696.1,1625.8,1663.44,2831400,856.0231898568545,89.0155682009879,541.9703733414403,51.53167660944994,58.07436397422499,45.15481819568458
2013.02.01,00:00,1663.93,1684.97,1555.04,1579.99,3429619,863.2268397090252,75.3832236949977,541.9038386579641,19.720352534305157,41.86359208117434,51.053301849247845
2013.03.01,00:00,1580.61,1616.84,1561.41,1596.1,2745504,870.5191099606767,65.1286720313874,542.1005614115287,25.711204492209255,32.32107787865477,38.07773638102909
2013.04.01,00:00,1600.84,1603.92,1321.54,1476.59,4981984,876.5496660804711,46.8187107903093,538.5786456300793,32.68821284759555,26.039923291369977,33.68619532618702
2013.05.01,00:00,1475.67,1488.08,1337.95,1387.64,5324134,881.6351420398694,24.844026504104704,532.4151966624243,13.935445786688625,24.11162104216447,30.949815165941416
2013.06.01,00:00,1389.5,1423.89,1180.17,1234.86,4953373,885.1498172434528,-4.843307640404191,521.8734493528686,8.882572681500706,18.502077105261616,25.685466524780935
2013.07.01,00:00,1235.51,1346.68,1208.14,1325.06,4424856,889.5270329922743,-20.851979034074475,514.2819878551719,23.532564560662646,15.45019434295065,36.44628859106686
2013.08.01,00:00,1324.21,1433.73,1272.8,1394.81,4355163,894.5547242062815,-27.592653441832454,508.9013938628335,34.86113366899463,22.42542363705265,38.84261870790059
2013.09.01,00:00,1391.41,1416.35,1291.79,1328.65,3968812,898.8740801843286,-37.837083209257344,501.6484646271741,24.115640734123772,27.50311298792701,35.02754893215092
2013.10.01,00:00,1327.47,1361.77,1251.67,1322.87,3276556,903.0929450581165,-45.89323663719142,494.38440191764096,23.176871853175225,27.384548752097867,29.137796123881557
2013.11.01,00:00,1323.33,1327.45,1226.77,1252.92,1352094,906.5738112764437,-57.26209488828272,485.23462013163714,11.815819392561316,19.702777326620094,20.21633290464817
2013.12.01,00:00,1249.5,1267.76,1182.42,1208.26,1414428,909.5756639005588,-69.07938161049628,475.0347898052446,4.892790580202387,13.295160608646299,20.3730704251429
2014.01.01,00:00,1225.12,1278.93,1213.57,1243.85,1344662,912.9017766975682,-74.71162184458967,466.18865921585086,11.725280795433592,9.477963589399089,23.685624118713477
2014.02.01,00:00,1243.65,1345.32,1240.76,1326.21,1256516,917.0142963324183,-71.70290269073598,460.00239699616077,28.30616556509604,14.974745646910664,31.388521159841147
2014.03.01,00:00,1335.44,1388.91,1282.38,1283.82,1402563,920.6641043291107,-71.9100554597594,452.69781671207295,20.53288431061804,20.18811022371588,30.38423380596089
2014.04.01,00:00,1284.67,1331.04,1268.41,1291.08,1267161,924.3498346342938,-70.67372152711664,445.78534440527505,25.39904275539879,24.746030877037615,33.79550171069606
2014.05.01,00:00,1291.3,1315.55,1242.15,1249.23,1311430,927.5824730956441,-72.23814683314163,437.8113263737456,16.29734513274335,20.74309073292005,31.090613722347612
2014.06.01,00:00,1249.56,1329.34,1240.56,1327.17,1168137,931.5584683882248,-66.42317353349586,432.33635855295347,47.741223084667624,29.81253699093658,41.46775998720907
2014.07.01,00:00,1326.64,1345.05,1280.48,1282.96,1138353,935.0550010410783,-64.63704717584187,425.66591111809305,40.538728506073504,34.85909890782815,43.700654727517815
2014.08.01,00:00,1283.12,1322.53,1272.61,1286.66,1150035,938.5535582446497,-62.205899207015136,419.2630044180836,41.478651864231445,43.252867818324184,53.79876796714581
2014.09.01,00:00,1287.47,1289.71,1204.31,1207.83,1411871,941.232925824305,-65.88068755956374,410.7018108516544,10.111018264295039,30.70946621153332,41.25710364989633
2014.10.01,00:00,1208.21,1255.13,1161.42,1171.52,1481917,943.5243394976951,-70.90554239350286,401.3353094654817,3.9618718864001554,18.517180671642205,32.47303725333208
2014.11.01,00:00,1167.31,1207.63,1131.44,1165.88,1498958,945.7368336320465,-74.48426863213308,392.1040055678686,13.376315687264556,9.149735279319907,35.88217947161172
2014.12.01,00:00,1158.49,1238.25,1141.74,1186.83,1921429,948.1357706108321,-74.76806533040872,383.78307489496876,21.513186002252638,12.950457858639107,38.50314380366439
2015.01.01,00:00,1186.94,1307.53,1167.33,1283.56,1760930,951.4733251321175,-66.42200217002187,378.54909505973046,59.08261156639604,31.324037751971066,52.47728081239286
2015.02.01,00:00,1280.42,1285.55,1190.3,1212.78,1436393,954.0733915487134,-64.77238570909185,371.35128667482684,31.592030139433685,37.39594256936078,50.350637664070504
2015.03.01,00:00,1213.85,1223.18,1142.7,1183.57,1526229,956.3569398915123,-65.07194676438485,363.50480977424206,20.247019070182887,36.973886925337524,45.27704650871255
2015.04.01,00:00,1183.76,1224.13,1175.14,1183.97,1558122,958.6217464597561,-64.53317611808302,355.91091498381195,20.40237697595835,24.08047539519163,37.21323265012586
2015.05.01,00:00,1184.55,1232.22,1169.66,1190.42,1417118,960.9281967437387,-62.861111638865395,348.73730150596407,27.611066897617174,22.75348764791946,41.0237189097759
2015.06.01,00:00,1190.47,1205.68,1162.63,1171.83,1447697,963.0267221492736,-62.317686629349055,341.2334624435782,18.90829081035527,22.30724489464359,38.783649052841476
2015.07.01,00:00,1174.14,1175.0,1069.72,1095.48,1707709,964.344665212465,-67.27235151785499,331.7280611610594,9.35604547270548,18.625134393559296,36.420003886307825
2015.08.01,00:00,1095.72,1170.01,1080.94,1134.71,2182851,966.0398426730376,-67.25811629924442,323.7049336466232,23.604401990338875,17.289579424466535,31.753195039629873
2015.09.01,00:00,1134.6,1156.65,1098.71,1114.47,1913945,967.5167596613657,-68.09507598495702,315.3544960183086,17.701040306949885,16.88716258999807,33.26513180111638
2015.10.01,00:00,1115.56,1191.44,1104.59,1141.74,2073778,969.2503242418496,-65.79941675313694,308.08637239156303,30.28468104789538,23.863374448394705,36.249952559869435
2015.11.01,00:00,1141.45,1142.94,1052.67,1064.37,2017243,970.1967886772542,-69.42293824668945,298.7882727940638,4.590755709016645,17.525492354620628,36.350662201248284
2015.12.01,00:00,1064.81,1088.78,1046.23,1060.81,2275284,971.0984126705154,-71.7547235963766,289.72292089996665,5.579793340987345,13.485076699299782,38.76656452300262
2016.01.01,00:00,1064.88,1127.94,1061.66,1117.99,2991334,972.5600205046396,-68.2025357809307,282.66008429837257,27.46268656716418,12.54441187238938,45.60085245540225
2016.02.01,00:00,1115.86,1263.34,1115.86,1238.3,3295834,975.204199405091,-55.04486685679558,279.35237187623443,73.50554917719096,35.51600969511415,53.99816676247145
2016.03.01,00:00,1239.05,1283.36,1208.15,1232.44,2329473,977.7637596100155,-44.576324345216335,275.9254951504736,77.80795587497914,59.59206387311142,45.37626628075254
2016.04.01,00:00,1231.56,1296.62,1208.93,1293.68,1745947,980.9072047880254,-30.98124033363456,274.35031449166036,98.8258317025441,83.37977891823806,57.44579022935612
2016.05.01,00:00,1292.65,1303.65,1199.62,1215.08,1994379,983.2372823523237,-26.246844138422603,270.44464793600196,65.59319400202,80.74232719318105,52.65839871762423
2016.06.01,00:00,1216.02,1358.25,1205.91,1321.58,2355686,986.6038765577732,-13.74272353945662,269.7407231310103,88.24754823408753,84.22219131288387,59.846869409660094
2016.07.01,00:00,1322.58,1375.05,1310.77,1351.11,3166486,990.2308031591886,-1.433766106768644,269.830086737878,92.71942095979561,82.18672106530104,61.13073715417756
2016.08.01,00:00,1350.61,1367.21,1304.16,1308.81,2591539,993.4007454163111,4.851984202109634,268.5718742887136,79.8552399489082,86.94073638093045,59.18662982536148
2016.09.01,00:00,1309.79,1352.51,1302.41,1315.89,2290565,996.6095937206264,10.286210407616863,267.47743305478934,82.00839365002133,84.86101818624171,66.2960060330933
2016.10.01,00:00,1317.19,1319.52,1241.3,1276.87,2131220,999.3982544796253,11.31386671782775,265.19006536342124,70.1417188735478,77.33511749082577,60.51385971659319
2016.11.01,00:00,1276.63,1337.16,1170.11,1172.62,3212423,1001.1218539375395,3.6738382803255263,259.85986512734826,38.43744297792102,63.52918516716338,53.8253055639612
2016.12.01,00:00,1173.73,1187.93,1122.62,1151.32,2214374,1002.616362853584,-4.052951387579014,254.0648966401318,31.959734809318146,46.846298886928984,50.6351942713168
2017.01.01,00:00,1151.67,1219.4,1145.95,1210.36,2743673,1004.6834637207126,-5.35077290644881,250.1812757928576,49.914847028769515,40.104008272002886,59.92089919404161
2017.02.01,00:00,1210.48,1263.79,1198.1,1248.0,2321136,1007.104523783193,-3.3039860861167654,247.49101025925677,59.45945945945946,47.11134709918236,62.15756316165486
2017.03.01,00:00,1248.5,1260.97,1194.91,1248.96,1877001,1009.5110459346041,-1.5861447187783142,244.86348677284775,51.35228982599641,53.57553210474179,59.176323865308355
2017.04.01,00:00,1247.94,1295.45,1243.65,1267.99,1535729,1012.0829758258021,1.2958807937377514,242.82549677547513,57.58824228498993,56.13333052348192,52.42426716746959
2017.05.01,00:00,1268.56,1274.08,1214.23,1268.7,1594868,1014.636379051416,3.595748294498435,240.81293776157577,57.86950837856044,55.603346829848924,52.98583662714097
2017.06.01,00:00,1268.67,1296.01,1236.01,1241.43,1503081,1016.8930319961781,3.1812769826215117,238.00650768689263,47.06651348888807,54.174754717479466,45.44249254226053
2017.07.01,00:00,1242.12,1271.04,1204.81,1269.37,1426449,1019.4052406330321,5.049126786904935,236.061768082075,58.13492849502831,54.35698345415893,55.19451939453088
2017.08.01,00:00,1269.47,1325.94,1251.44,1321.41,1791081,1022.4102631142955,10.606341000665907,235.6427452590426,78.75054470546296,61.31732889645977,49.981841874773046
2017.09.01,00:00,1321.85,1357.42,1275.92,1279.37,1764162,1024.967076416641,11.485795544203484,233.92189241264464,64.08683920029434,66.99077080026187,42.53672339894304
2017.10.01,00:00,1278.95,1305.91,1260.54,1271.0,2710010,1027.4151652085152,11.376242317126753,231.94874601962192,63.19420783645656,68.6771972474046,45.76775840068057
2017.11.01,00:00,1270.32,1299.08,1265.37,1274.7,3578014,1029.875710828331,11.455922924777497,230.08961564576157,64.77001703577514,64.01702135750867,45.35426676592001
2017.12.01,00:00,1275.02,1307.41,1236.37,1302.33,2762608,1032.5866987802879,13.591901487184487,229.0399874399186,76.53747870528105,68.16723452583757,52.94730505649194
2018.01.01,00:00,1309.81,1365.92,1305.7,1344.94,3732780,1035.6946918272502,18.509583819700538,229.1991831686346,91.37690094533497,77.56146556213037,73.2688776061359
2018.02.01,00:00,1343.39,1361.69,1307.04,1318.08,3816827,1038.5044958886706,20.008855347230565,228.47510949953244,78.25157976087642,82.0553198038308,72.18497232865047
2018.03.01,00:00,1319.02,1356.84,1302.76,1325.04,3292903,1041.355595432067,21.510690813560814,227.90088817620654,76.094965206713,81.90781530430812,67.71064986409685
2018.04.01,00:00,1325.8,1365.2,1310.18,1314.98,3197286,1044.0782263232902,21.63969933204089,226.97133635916862,70.21226828840416,74.85293775199784,61.30731312039975
2018.05.01,00:00,1316.11,1325.9,1282.0,1298.24,3318497,1046.6071991956953,20.15878350655339,225.50865514627503,57.991434423685675,68.09955597293425,57.89844851904089
2018.06.01,00:00,1298.89,1309.28,1245.84,1252.74,2229431,1048.6582718405143,15.13916246371764,222.69774507628063,29.749860343864455,52.651187685318085,47.7469491475342
2018.07.01,00:00,1252.73,1265.84,1211.45,1223.94,2127288,1050.4023686381213,8.736448969032153,219.0941966348778,11.873874992241385,33.20505658659716,43.893921204845576
2018.08.01,00:00,1224.13,1224.76,1160.07,1200.78,1732549,1051.898663477543,1.772995957879175,214.9031345298481,19.776536312849167,20.46675721631832,44.39171104550095
2018.09.01,00:00,1200.68,1212.6,1180.66,1191.51,1383329,1053.2878310051296,-4.442393107359067,210.5613474725601,15.273257226135554,15.641222843742021,38.674579624134545
2018.10.01,00:00,1191.89,1243.36,1183.16,1214.48,1418356,1054.891733184183,-7.429009690011526,207.02139907869514,26.43186786495023,20.493887134644968,33.00918422474339
2018.11.01,00:00,1215.3,1237.33,1196.21,1221.96,1271883,1056.5541039982706,-9.0875952212632,203.79223876410265,30.065581734272556,23.9235689417861,39.75224019135343
2018.12.01,00:00,1222.91,1284.02,1221.25,1279.48,1119332,1058.7722721176908,-5.695004452628609,202.32441014419737,58.008258440612096,38.16856934661161,51.28773613557675
2019.01.01,00:00,1282.21,1326.25,1276.54,1321.05,883441,1061.3820007533357,0.3440339496078195,202.06579200808642,78.20257469030844,55.42547162173102,56.312477868874765
2019.02.01,00:00,1320.95,1346.66,1302.34,1313.08,726345,1063.8864584572825,4.435770202646836,201.50769537231918,74.33082341510804,70.18055218200952,51.54689613491812
2019.03.01,00:00,1314.15,1324.49,1280.77,1292.16,787302,1066.1578369800957,5.922164472661734,200.28595787579616,64.3933115585239,72.30890322131346,41.899441340782126
2019.04.01,00:00,1292.15,1310.53,1266.21,1283.29,666652,1068.3183560151197,6.311650986517407,198.78607433661955,60.069224394286536,66.2644531226395,44.34841937684785
2019.05.01,00:00,1283.13,1306.92,1266.2,1305.13,875962,1070.6746907811385,8.287098813766079,197.92093838033657,70.71613123385175,65.05955572888739,46.914804599126064
2019.06.01,00:00,1306.59,1439.21,1306.49,1409.91,1412928,1074.050166494759,18.098892993932395,200.0872026995994,89.50347495880206,73.42961019564677,61.371858453724336
2019.07.01,00:00,1391.67,1452.92,1381.66,1412.23,1461899,1077.415139962473,25.76501216079828,202.13762651838124,86.10551476865288,82.10837365376888,64.14373278407822
2019.08.01,00:00,1415.85,1555.21,1400.44,1520.55,2145213,1081.8244420523986,40.11852418998615,207.1791963311673,91.2284253682239,88.94580503189293,78.7479336181541
2019.09.01,00:00,1529.39,1556.98,1464.43,1472.29,1695526,1085.7096714847132,47.05716154402262,210.48166735439918,78.66266911894382,85.33220308527352,75.58990211231323
2019.10.01,00:00,1472.93,1519.48,1459.03,1512.13,1931435,1089.952659828149,55.135271590130515,214.70686180158646,88.08195153061227,85.99101533925999,81.01528101528103
2019.11.01,00:00,1512.49,1516.09,1445.57,1463.83,1475227,1093.6728323671725,56.98296155115372,217.22866880649508,75.08159007008717,80.60873690654775,75.17006802721087
2019.12.01,00:00,1462.43,1525.23,1453.89,1520.46,1238302,1097.9194708510813,62.298696289263944,221.2000106687169,89.8772070848463,84.34691622851524,76.62455187776268
2020.01.01,00:00,1520.26,1611.35,1518.38,1588.83,1852130,1102.8041527331602,71.20750616910254,226.8922118642929,94.2271212509613,86.39530613529826,78.86421928844548
2020.02.01,00:00,1588.65,1689.25,1547.38,1584.7,2034241,1107.599136288054,77.04640272830216,232.0973708742049,75.28660914785488,86.46364582788749,76.21624407338693
2020.03.01,00:00,1581.79,1703.44,1451.13,1576.78,2872469,1112.2676025936455,80.11122022934705,236.72629644460335,71.03192754551274,80.18188598144296,73.31303444126387
2020.04.01,00:00,1571.41,1747.4,1569.33,1685.98,2334978,1117.9761836623654,90.31059325461752,244.2328565900698,87.23607647547796,77.85153772294852,78.69786055102355
2020.05.01,00:00,1686.02,1765.08,1670.4,1730.41,2327555,1124.0700524816452,100.81664798091651,252.5782410942238,93.05043296985251,83.77281233028106,82.5492788283002
2020.06.01,00:00,1735.4,1785.94,1670.55,1780.54,1973959,1130.6020917604349,111.89795412851913,261.8850922634392,98.96101897102395,93.08250947211813,84.7985219813288
2020.07.01,00:00,1781.61,1983.97,1757.43,1975.02,2029914,1139.0042600016247,134.8187728580824,276.32734817817595,98.6789277912263,96.89679324403426,87.75687344297775
2020.08.01,00:00,1983.53,2074.87,1862.58,1968.22,3067529,1147.2551628871809,150.69783285579638,289.7583430110592,84.61505171593025,94.08499949272682,85.37503326448113
2020.09.01,00:00,1968.35,1992.29,1848.75,1885.23,2676723,1154.5981960922836,154.80105270750028,299.99242722171175,71.8814406239343,85.05847337703027,77.19015865716256
2020.10.01,00:00,1887.32,1933.18,1859.92,1878.37,2045237,1161.7999055839027,155.7044750675816,309.4095168158185,68.7748291752741,75.0904405050462,73.28526433610119
2020.11.01,00:00,1879.27,1965.46,1764.38,1777.64,2182544,1167.9276677173962,146.60243304123424,315.29864007841456,52.76815509296047,64.4748082973896,68.60052874599482
2020.12.01,00:00,1776.97,1906.7,1775.74,1893.43,1854876,1175.146596396825,147.0373296526002,324.16613070111066,71.16796440489436,64.23698289104297,71.25986886123377
2021.01.01,00:00,1909.07,1959.29,1810.29,1847.59,2484243,1181.837575537155,142.04566939480878,331.13308383145,63.56174046878507,62.499286655546626,71.45588728614558
2021.02.01,00:00,1855.57,1871.78,1717.18,1733.84,3066643,1187.3301369745964,127.44199632223967,334.3020651638674,45.32497514990219,60.01822667452719,61.21376468857076
2021.03.01,00:00,1737.79,1759.89,1676.82,1707.7,3419255,1192.5079465569386,112.46279951242332,336.42103196825224,41.13412639882002,50.00694733916908,56.537137452017745
2021.04.01,00:00,1707.4,1797.88,1705.76,1768.97,2198452,1198.243887387218,104.33296953877903,340.0984645291419,50.95712957321962,45.8054103739806,59.534527542350965
2021.05.01,00:00,1766.81,1912.74,1766.04,1906.62,2470134,1205.2924059206784,107.75509170143619,347.49220670484374,66.71875618150888,52.936670717849495,65.04662153531741
2021.06.01,00:00,1907.26,1916.58,1750.69,1769.65,2518746,1210.9079043692288,98.28188152458438,350.381233251371,24.53828466882588,47.404723474518114,53.72253810629722
2021.07.01,00:00,1770.03,1834.07,1765.64,1814.28,1874460,1216.9116068133162,93.30005723759677,354.2987410966721,35.54857538583301,42.26853874538924,53.730772310347575
2021.08.01,00:00,1814.6,1831.65,1683.2,1814.26,1768243,1222.8553719196516,88.33207459408709,357.88633489582753,34.5283255872378,31.538395213965554,51.56994934445769
2021.09.01,00:00,1814.47,1833.95,1721.65,1757.16,1693694,1228.1718358806502,78.87816141647568,359.48823537343765,20.18339404597416,30.086765006348315,38.36888974309693
2021.10.01,00:00,1755.82,1813.79,1745.95,1782.98,1982772,1233.692315125619,72.63206805605114,361.62736117732834,33.65137731004535,29.45436564775243,40.30725438486332
2021.11.01,00:00,1783.36,1877.23,1758.07,1774.43,1999564,1239.072789601981,66.22863800949585,363.2708209635957,33.817211751663,29.217327702560826,43.712547666606135
2021.12.01,00:00,1775.91,1828.08,1752.34,1827.95,1868318,1244.9322643323096,64.72636503274157,366.2586556228523,52.359340354767205,39.94264313882517,47.28276099937486
2022.01.01,00:00,1830.63,1853.9,1780.3,1796.88,2198760,1250.424281602635,60.33322962323041,368.0485630601679,42.50362870393322,42.89339360345446,51.12105533025685
2022.02.01,00:00,1797.51,1974.52,1788.66,1908.26,2363392,1256.9699106414148,65.08877048901854,372.8671361914742,77.74269398723548,57.535221015311954,50.8685619238383
2022.03.01,00:00,1908.3,2070.3,1890.02,1936.88,2671908,1263.735185162396,70.35594614752449,378.14276179469357,66.09230456439971,62.11287575185613,55.337182751736435
2022.04.01,00:00,1937.15,1998.43,1872.04,1896.42,2329689,1270.0305564543125,70.45329521162444,381.8294317985776,55.80969807868252,66.5482322101059,60.65120545073378
2022.05.01,00:00,1899.29,1909.77,1786.84,1838.26,2350835,1275.6845807682,65.08713513122848,383.4852118669296,40.056832859726136,53.986278500936116,58.209049068182395
2022.06.01,00:00,1836.74,1878.78,1802.75,1807.16,2070670,1280.9728933973724,57.66023324338266,384.0004367814777,32.02273314389046,42.629754694099695,52.495915299653625
2022.07.01,00:00,1806.65,1814.26,1680.84,1766.02,2241006,1285.799232766553,47.90251543104341,383.1367119150875,21.871308991937553,31.316958331851378,39.484548418942765
2022.08.01,00:00,1765.17,1807.87,1709.57,1710.53,2409151,1290.0254095549456,35.285129504782844,380.5416745509442,7.6233759564525325,20.505806030760173,44.964739549620134
2022.09.01,00:00,1711.11,1735.13,1614.81,1660.83,2840516,1293.7150074698218,21.032931078170805,376.4702302005428,10.103405124152003,13.199363357514022,37.042541333828716
2022.10.01,00:00,1664.3,1729.49,1617.29,1633.68,2983497,1297.0977437139031,7.46117526155831,371.655916008604,4.142791279720765,7.2898574534417575,35.41969447404968
2022.11.01,00:00,1632.58,1786.57,1616.72,1768.32,3169286,1301.7865223834165,7.483518422200177,370.87169970291393,33.702166897187624,15.98278776702012,50.80080367393799
2022.12.01,00:00,1769.78,1833.63,1765.85,1819.48,2913788,1306.9377012651735,11.496881087407473,371.4782376020851,44.934027091703435,27.592995089537265,52.52721079015149
2023.01.01,00:00,1827.53,1949.09,1823.52,1928.06,3016824,1313.1180226456195,23.171887379664668,375.0878794033151,68.77209159366832,49.13609519418645,59.342958268971124
2023.02.01,00:00,1927.46,1959.68,1804.69,1827.11,2701585,1318.2323706789964,24.001913535938456,375.42075089743116,46.6091461942084,53.43842162652671,49.95170193192271
2023.03.01,00:00,1826.78,2009.8,1809.41,1969.3,3563554,1324.7106555478622,35.721484871640996,379.75214753537216,77.82607741113962,64.4024383996721,58.790480463333054
2023.04.01,00:00,1966.26,2048.67,1949.76,1989.66,2822473,1331.3270669354458,46.12056230136068,384.31993994844606,82.29598893499308,68.91040418011369,54.57457569967405
2023.05.01,00:00,1989.84,2062.9,1932.05,1963.04,3159796,1337.612767761959,51.618864420926,387.7359251264861,77.71429846682584,79.27878827098617,51.47347076715105
2023.06.01,00:00,1963.31,1983.48,1892.95,1918.99,2712606,1343.3976158439295,51.824441700688794,389.5448537939883,67.88368408132294,75.96465716104727,51.26614233302291
2023.07.01,00:00,1918.54,1987.43,1902.59,1965.57,2967785,1349.5883858355323,55.110698068586544,392.4767320518788,78.27891718181613,74.62563324332162,57.235907287628876
2023.08.01,00:00,1965.64,1965.98,1884.81,1939.87,2791700,1355.4618347326912,55.0072157577531,394.3603373552137,72.54346225088706,72.90202117134203,57.58941336596858
2023.09.01,00:00,1939.97,1953.02,1846.33,1848.99,2386985,1360.3725627453014,47.04959040587232,393.33854377052876,52.26182240174965,67.6947339448176,54.489475677723064
2023.10.01,00:00,1847.39,2009.47,1810.47,1983.79,3979518,1366.57572132495,51.03208233353416,396.15808689614164,82.3450646075565,69.05011642006438,63.61724605326105
2023.11.01,00:00,1983.65,2051.99,1931.6,2035.99,2870359,1373.2365599187317,57.734808689012425,400.213177391729,93.96880182885829,76.19189627938813,68.64871850953413
2023.12.01,00:00,2036.82,2151.11,1973.0,2062.03,7330142,1380.0902259891923,64.40555089129293,404.6763843679173,83.33052639458074,86.54813094366516,71.3162478228415
2024.01.01,00:00,2062.7,2078.83,2001.74,2039.04,8080598,1386.646940158454,67.06398935870584,408.09117567484736,70.91055391164406,82.73662737836102,65.1561975142761
2024.02.01,00:00,2039.7,2065.34,1984.16,2044.03,5839351,1393.1880651320018,68.78061221085363,411.3262030215624,69.08954448357481,74.44354159659986,63.25670362367609
2024.03.01,00:00,2043.39,2236.02,2039.0,2233.59,7493831,1401.5502734391462,84.46331544588838,419.79049400251347,99.4366262490437,79.81224154808751,66.4633423500124
2024.04.01,00:00,2239.6,2431.46,2228.45,2285.94,13993371,1410.3501712158711,99.96385712067718,429.2101739731745,76.6063821236235,81.71085095208066,76.09034356484061
2024.05.01,00:00,2286.26,2450.01,2277.17,2326.79,11046302,1419.4689754823798,114.2276563573846,439.19841499336985,80.73302686305779,85.59201174524166,72.97582168978236
2024.06.01,00:00,2327.45,2387.66,2286.71,2326.09,9323428,1428.4900802039483,124.04541751027637,448.5076086845172,80.62357319323263,79.3209940599713,72.18288035236249
2024.07.01,00:00,2326.77,2483.66,2318.45,2447.34,12204292,1438.6278903511727,139.9961373023109,460.7361636789217,94.60479210921142,85.32046405516728,78.39003915867471
2024.08.01,00:00,2447.78,2531.62,2364.22,2502.54,13869126,1449.2140804969322,155.301161215702,473.8039321986489,95.9675518269431,90.39863904312904,83.76673726116492
2024.09.01,00:00,2503.36,2600.0,2471.82,2592.29,6962340,1460.5879702432314,172.682007173878,488.6760027387975,99.0234696591643,96.53193786510626,84.53916187201023
